Enter password:
Welcome to the MySQL monitor.  Commands end with ; or \g.
Your MySQL connection id is 14
Server version: 8.2.0 MySQL Community Server - GPL

Copyright (c) 2000, 2023, Oracle and/or its affiliates.

Oracle is a registered trademark of Oracle Corporation and/or its
affiliates. Other names may be trademarks of their respective
owners.

Type 'help;' or '\h' for help. Type '\c' to clear the current input statement.

mysql>
mysql>
mysql>
mysql>
mysql>
mysql> show databases;
+---------------------+
| Database            |
+---------------------+
| db_sqlserver_sintax |
| information_schema  |
| mysql               |
| performance_schema  |
| sys                 |
+---------------------+
5 rows in set (0.01 sec)

mysql>
mysql>
mysql>
mysql>
mysql>
mysql> use db_sqlserver_sintax;
Database changed
mysql>
mysql>
mysql>
mysql>
mysql>
mysql> show tables;
+-------------------------------+
| Tables_in_db_sqlserver_sintax |
+-------------------------------+
| tb_template                   |
+-------------------------------+
1 row in set (0.01 sec)

mysql>
mysql>
mysql>
mysql>
mysql>
mysql> select * from tb_template where id = 1;
+----+-------------+---------------+---------------+---------+-----------+-----------+----------+------------+------------+---------------------+---------------------+
| id | vrc_varchar | vrc_varchar_2 | vrc_varchar_3 | int_int | int_int_2 | int_int_3 | flt_real | flt_real_2 | flt_real_3 | dtt_datetime        | dtt_datetime_2      |
+----+-------------+---------------+---------------+---------+-----------+-----------+----------+------------+------------+---------------------+---------------------+
|  1 | aa aa       | NULL          | text aaa      |     180 |      NULL |         0 |  91.0237 |    91.0237 |     0.0001 | 1960-03-14 00:00:00 | 1960-03-14 00:00:00 |
+----+-------------+---------------+---------------+---------+-----------+-----------+----------+------------+------------+---------------------+---------------------+
1 row in set (0.01 sec)

mysql>
mysql>
mysql>
mysql>
mysql> select * from tb_template where int_int_3 != 1;
+-----+-------------+---------------+---------------+---------+-----------+-----------+----------+------------+------------+---------------------+---------------------+
| id  | vrc_varchar | vrc_varchar_2 | vrc_varchar_3 | int_int | int_int_2 | int_int_3 | flt_real | flt_real_2 | flt_real_3 | dtt_datetime        | dtt_datetime_2      |
+-----+-------------+---------------+---------------+---------+-----------+-----------+----------+------------+------------+---------------------+---------------------+
|   1 | aa aa       | NULL          | text aaa      |     180 |      NULL |         0 |  91.0237 |    91.0237 |     0.0001 | 1960-03-14 00:00:00 | 1960-03-14 00:00:00 |
|   2 | aa ab       | aa ab         | text aab      |     170 |      NULL |         0 |  85.9677 |       NULL |     0.0002 | 1960-03-15 00:00:00 | NULL                |
|   3 | aa ac       | NULL          | text aac      |     160 |      NULL |         0 |  80.9117 |       NULL |     0.0003 | 1965-12-23 00:00:00 | NULL                |
|   4 | aa ad       | NULL          | text aad      |     150 |      NULL |         0 |  75.8557 |       NULL |     0.0004 | 1970-07-24 00:00:00 | NULL                |
|   5 | aa ba       | NULL          | text aae      |     140 |       140 |         0 |  70.7997 |       NULL |     0.0005 | 1965-12-24 00:00:00 | NULL                |
|   6 | aa bb       | NULL          | text bba      |     130 |       130 |         0 |  65.7437 |    65.7437 |          1 | 1970-07-25 00:00:00 | NULL                |
|   7 | aa bc       | NULL          | text bbb      |     120 |      NULL |         0 |  60.6877 |    60.6877 |          1 | 1975-08-24 00:00:00 | NULL                |
|   8 | aa bd       | NULL          | text bbc      |     110 |      NULL |         0 |  55.6317 |    55.6317 |          1 | 1960-03-16 00:00:00 | NULL                |
|   9 | ab aa       | NULL          | text bbd      |     100 |       100 |         0 |  50.5757 |    50.5757 |          1 | 1960-03-17 00:00:00 | NULL                |
|  10 | ab ab       | ab ab         | text bbe      |      90 |        90 |         0 |  45.5197 |    45.5197 |          1 | 1980-02-13 00:00:00 | 1980-02-13 00:00:00 |
|  11 | ab ac       | ab ac         | text cca      |      80 |        80 |         0 |  40.4637 |    40.4637 |          2 | 1980-02-14 00:00:00 | 1980-02-14 00:00:00 |
|  12 | ab ad       | ab ad         | text ccb      |      70 |        70 |         0 |  35.4077 |    35.4077 |          2 | 1980-02-15 00:00:00 | 1980-02-15 00:00:00 |
|  13 | ab ba       | NULL          | text ccc      |      60 |      NULL |         0 |  30.3517 |    30.3517 |          2 | 1985-01-03 00:00:00 | 1985-01-03 00:00:00 |
|  24 | ba bd       | NULL          | text eed      |     -50 |       -50 |         0 | -25.2643 |       NULL |          4 | 2000-08-18 00:00:00 | NULL                |
|  25 | bb ba       | NULL          | text eee      |     -60 |       -60 |         0 | -30.3203 |       NULL |          4 | 2000-08-19 00:00:00 | 2000-08-19 00:00:00 |
|  26 | bb bb       | NULL          | text ffa      |     -70 |       -70 |         0 | -35.3763 |   -35.3763 |          5 | 2005-09-12 00:00:00 | 2005-09-12 00:00:00 |
|  27 | bb ac       | bb ac         | text ffb      |     -80 |       -80 |         0 | -40.4323 |   -40.4323 |          5 | 2005-09-13 00:00:00 | 2005-09-13 00:00:00 |
|  28 | bb ad       | bb ad         | text ffc      |     -90 |       -90 |         0 | -45.4883 |   -45.4883 |          5 | 2005-09-14 00:00:00 | 2005-09-14 00:00:00 |
|  29 | bb ba       | bb ba         | text ffd      |    -100 |      -100 |         0 | -50.5443 |   -50.5443 |          5 | 2010-11-01 00:00:00 | 2010-11-01 00:00:00 |
|  30 | bb bb       | NULL          | text ffe      |    -110 |      NULL |         0 | -55.6003 |   -55.6003 |          5 | 2010-11-02 00:00:00 | NULL                |
|  36 | aa aa       | NULL          | text hha      |    -170 |      -170 |         0 | -85.9363 |       NULL |          7 | 1960-03-16 00:00:00 | NULL                |
|  37 | aa ab       | NULL          | text hhb      |    -180 |      -180 |         0 | -90.9923 |       NULL |          7 | 1960-03-17 00:00:00 | NULL                |
|  38 | aa ac       | aa ac         | text hhc      |    -190 |      -190 |         0 | -96.0483 |       NULL |          7 | 1965-12-24 00:00:00 | NULL                |
|  39 | aa ad       | aa ad         | text hhd      |    -200 |      -200 |         0 | -101.104 |       NULL |          7 | 1970-07-25 00:00:00 | NULL                |
|  40 | aa ba       | aa ba         | text hhe      |    -210 |      -210 |         0 |  -106.16 |       NULL |          7 | 1965-12-25 00:00:00 | NULL                |
|  41 | aa bb       | NULL          | text iia      |    -220 |      -220 |         0 | -111.216 |   -111.216 |          8 | 1970-07-26 00:00:00 | NULL                |
|  48 | ab ba       | ab ba         | text jjc      |    -290 |      -290 |         0 | -146.608 |   -146.608 |          9 | 1985-01-07 00:00:00 | NULL                |
|  49 | ab bb       | ab bb         | text jjd      |    -300 |      NULL |         0 | -151.664 |   -151.664 |          9 | 1985-01-08 00:00:00 | 1985-01-08 00:00:00 |
|  50 | ab bc       | ab bc         | text jje      |    -310 |      NULL |         0 |  -156.72 |    -156.72 |          9 | 1985-01-09 00:00:00 | 1985-01-09 00:00:00 |
|  51 | ab bd       | NULL          | text aaa      |    -320 |      NULL |         0 | -161.776 |   -161.776 |     0.0006 | 1985-01-10 00:00:00 | 1985-01-10 00:00:00 |
|  52 | ba ba       | NULL          | text aab      |    -330 |      NULL |         0 | -166.832 |   -166.832 |     0.0007 | 1990-04-21 00:00:00 | 1990-04-21 00:00:00 |
|  53 | ba bb       | ba bb         | text aac      |    -340 |      -340 |         0 | -171.888 |   -171.888 |     0.0008 | 1990-04-22 00:00:00 | 1990-04-22 00:00:00 |
|  54 | ba ac       | ba ac         | text aad      |    -350 |      -350 |         0 | -176.944 |   -176.944 |     0.0009 | 1990-04-23 00:00:00 | 1990-04-23 00:00:00 |
|  64 | bb ba       | NULL          | text ccd      |    -450 |      -450 |         0 | -227.504 |       NULL |          2 | 2010-11-04 00:00:00 | NULL                |
|  65 | bb bb       | bb bb         | text cce      |    -460 |      -460 |         0 |  -232.56 |    -232.56 |          2 | 2010-11-05 00:00:00 | NULL                |
|  66 | bb bc       | NULL          | text dda      |    -470 |      -470 |         0 | -237.616 |   -237.616 |    5.19231 | 2010-11-06 00:00:00 | NULL                |
|  67 | bb bd       | NULL          | text ddb      |    -480 |      -480 |         0 | -242.672 |   -242.672 |    5.38462 | 2015-02-10 00:00:00 | NULL                |
|  68 | ca aa       | ca aa         | text ddc      |    -490 |      -490 |         0 | -247.728 |   -247.728 |    5.57692 | 2015-02-11 00:00:00 | NULL                |
|  69 | ca ab       | ca ab         | text ddd      |    -500 |      -500 |         0 | -252.784 |   -252.784 |    5.76923 | 2015-02-12 00:00:00 | NULL                |
|  70 | ca ac       | NULL          | text dde      |    -510 |      -510 |         0 |  -257.84 |    -257.84 |    5.96154 | 2020-11-20 00:00:00 | NULL                |
|  83 | ab ba       | ab ba         | text ggc      |    -640 |      NULL |         0 | -323.568 |   -323.568 |          6 | 1985-01-11 00:00:00 | 1985-01-11 00:00:00 |
|  84 | ab bb       | NULL          | text ggd      |    -650 |      -650 |         0 | -328.624 |   -328.624 |          6 | 1985-01-12 00:00:00 | 1985-01-12 00:00:00 |
|  85 | ab bc       | ab bc         | text gge      |    -660 |      -660 |         0 |  -333.68 |    -333.68 |          6 | 1985-01-13 00:00:00 | 1985-01-13 00:00:00 |
|  86 | ab bd       | ab bd         | text hha      |    -670 |      -670 |         0 | -338.736 |   -338.736 |          7 | 1985-01-14 00:00:00 | 1985-01-14 00:00:00 |
|  87 | ba ba       | ba ba         | text hhb      |    -680 |      -680 |         0 | -343.792 |   -343.792 |          7 | 1990-04-24 00:00:00 | 1990-04-24 00:00:00 |
|  88 | ba bb       | ba bb         | text hhc      |    -690 |      -690 |         0 | -348.848 |   -348.848 |        9.5 | 1990-04-25 00:00:00 | 1990-04-25 00:00:00 |
|  89 | ba ac       | NULL          | text hhd      |    -700 |      -700 |         0 | -353.904 |   -353.904 |    9.69231 | 1990-04-26 00:00:00 | 1990-04-26 00:00:00 |
|  95 | bb ba       | bb ba         | text iie      |    -760 |      NULL |         0 |  -384.24 |       NULL |    10.8462 | 2000-08-25 00:00:00 | 2000-08-25 00:00:00 |
|  96 | bb bb       | NULL          | text jja      |    -770 |      NULL |         0 | -389.296 |       NULL |    11.0385 | 2005-09-18 00:00:00 | 2005-09-18 00:00:00 |
|  97 | bb ac       | bb ac         | text jjb      |    -780 |      NULL |         0 | -394.352 |       NULL |    11.2308 | 2005-09-19 00:00:00 | 2005-09-19 00:00:00 |
|  98 | bb ad       | NULL          | text jjc      |    -790 |      NULL |         0 | -399.408 |       NULL |    11.4231 | 2005-09-20 00:00:00 | 2005-09-20 00:00:00 |
|  99 | bb ba       | bb ba         | text jjd      |    -800 |      NULL |         0 | -404.464 |       NULL |    11.6154 | 2010-11-07 00:00:00 | 2010-11-07 00:00:00 |
| 100 | ca ac       | NULL          | text jje      |    -810 |      NULL |         0 |  -409.52 |       NULL |    11.8077 | 2020-11-21 00:00:00 | 2020-11-21 00:00:00 |
+-----+-------------+---------------+---------------+---------+-----------+-----------+----------+------------+------------+---------------------+---------------------+
53 rows in set (0.00 sec)

mysql>
mysql>
mysql>
mysql>
mysql>
mysql> select * from tb_template where vrc_varchar like '%aa';
+----+-------------+---------------+---------------+---------+-----------+-----------+----------+------------+------------+---------------------+---------------------+
| id | vrc_varchar | vrc_varchar_2 | vrc_varchar_3 | int_int | int_int_2 | int_int_3 | flt_real | flt_real_2 | flt_real_3 | dtt_datetime        | dtt_datetime_2      |
+----+-------------+---------------+---------------+---------+-----------+-----------+----------+------------+------------+---------------------+---------------------+
|  1 | aa aa       | NULL          | text aaa      |     180 |      NULL |         0 |  91.0237 |    91.0237 |     0.0001 | 1960-03-14 00:00:00 | 1960-03-14 00:00:00 |
|  9 | ab aa       | NULL          | text bbd      |     100 |       100 |         0 |  50.5757 |    50.5757 |          1 | 1960-03-17 00:00:00 | NULL                |
| 33 | ca aa       | ca aa         | text ggc      |    -140 |      -140 |      NULL | -70.7683 |   -70.7683 |          6 | 2015-02-08 00:00:00 | NULL                |
| 36 | aa aa       | NULL          | text hha      |    -170 |      -170 |         0 | -85.9363 |       NULL |          7 | 1960-03-16 00:00:00 | NULL                |
| 44 | ab aa       | ab aa         | text iid      |    -250 |      NULL |      NULL | -126.384 |   -126.384 |          8 | 1960-03-19 00:00:00 | NULL                |
| 68 | ca aa       | ca aa         | text ddc      |    -490 |      -490 |         0 | -247.728 |   -247.728 |    5.57692 | 2015-02-11 00:00:00 | NULL                |
| 71 | aa aa       | aa aa         | text eea      |    -520 |      NULL |      NULL | -262.896 |   -262.896 |    6.15385 | 1960-03-18 00:00:00 | NULL                |
| 79 | ab aa       | ab aa         | text ffd      |    -600 |      -600 |      NULL | -303.344 |       NULL |          5 | 1960-03-21 00:00:00 | NULL                |
+----+-------------+---------------+---------------+---------+-----------+-----------+----------+------------+------------+---------------------+---------------------+
8 rows in set (0.01 sec)

mysql>
mysql>
mysql>
mysql>
mysql>
mysql> select * from tb_template where vrc_varchar like 'aa%';
+----+-------------+---------------+---------------+---------+-----------+-----------+----------+------------+------------+---------------------+---------------------+
| id | vrc_varchar | vrc_varchar_2 | vrc_varchar_3 | int_int | int_int_2 | int_int_3 | flt_real | flt_real_2 | flt_real_3 | dtt_datetime        | dtt_datetime_2      |
+----+-------------+---------------+---------------+---------+-----------+-----------+----------+------------+------------+---------------------+---------------------+
|  1 | aa aa       | NULL          | text aaa      |     180 |      NULL |         0 |  91.0237 |    91.0237 |     0.0001 | 1960-03-14 00:00:00 | 1960-03-14 00:00:00 |
|  2 | aa ab       | aa ab         | text aab      |     170 |      NULL |         0 |  85.9677 |       NULL |     0.0002 | 1960-03-15 00:00:00 | NULL                |
|  3 | aa ac       | NULL          | text aac      |     160 |      NULL |         0 |  80.9117 |       NULL |     0.0003 | 1965-12-23 00:00:00 | NULL                |
|  4 | aa ad       | NULL          | text aad      |     150 |      NULL |         0 |  75.8557 |       NULL |     0.0004 | 1970-07-24 00:00:00 | NULL                |
|  5 | aa ba       | NULL          | text aae      |     140 |       140 |         0 |  70.7997 |       NULL |     0.0005 | 1965-12-24 00:00:00 | NULL                |
|  6 | aa bb       | NULL          | text bba      |     130 |       130 |         0 |  65.7437 |    65.7437 |          1 | 1970-07-25 00:00:00 | NULL                |
|  7 | aa bc       | NULL          | text bbb      |     120 |      NULL |         0 |  60.6877 |    60.6877 |          1 | 1975-08-24 00:00:00 | NULL                |
|  8 | aa bd       | NULL          | text bbc      |     110 |      NULL |         0 |  55.6317 |    55.6317 |          1 | 1960-03-16 00:00:00 | NULL                |
| 36 | aa aa       | NULL          | text hha      |    -170 |      -170 |         0 | -85.9363 |       NULL |          7 | 1960-03-16 00:00:00 | NULL                |
| 37 | aa ab       | NULL          | text hhb      |    -180 |      -180 |         0 | -90.9923 |       NULL |          7 | 1960-03-17 00:00:00 | NULL                |
| 38 | aa ac       | aa ac         | text hhc      |    -190 |      -190 |         0 | -96.0483 |       NULL |          7 | 1965-12-24 00:00:00 | NULL                |
| 39 | aa ad       | aa ad         | text hhd      |    -200 |      -200 |         0 | -101.104 |       NULL |          7 | 1970-07-25 00:00:00 | NULL                |
| 40 | aa ba       | aa ba         | text hhe      |    -210 |      -210 |         0 |  -106.16 |       NULL |          7 | 1965-12-25 00:00:00 | NULL                |
| 41 | aa bb       | NULL          | text iia      |    -220 |      -220 |         0 | -111.216 |   -111.216 |          8 | 1970-07-26 00:00:00 | NULL                |
| 42 | aa bc       | NULL          | text iib      |    -230 |      -230 |      NULL | -116.272 |   -116.272 |          8 | 1975-08-25 00:00:00 | NULL                |
| 43 | aa bd       | NULL          | text iic      |    -240 |      -240 |      NULL | -121.328 |   -121.328 |          8 | 1960-03-18 00:00:00 | NULL                |
| 71 | aa aa       | aa aa         | text eea      |    -520 |      NULL |      NULL | -262.896 |   -262.896 |    6.15385 | 1960-03-18 00:00:00 | NULL                |
| 72 | aa ab       | aa ab         | text eeb      |    -530 |      -530 |      NULL | -267.952 |   -267.952 |    6.34615 | 1960-03-19 00:00:00 | NULL                |
| 73 | aa ac       | aa ac         | text eec      |    -540 |      NULL |      NULL | -273.008 |   -273.008 |    6.53846 | 1965-12-25 00:00:00 | NULL                |
| 74 | aa ad       | NULL          | text eed      |    -550 |      NULL |      NULL | -278.064 |   -278.064 |    6.73077 | 1970-07-26 00:00:00 | NULL                |
| 75 | aa ba       | aa ba         | text eee      |    -560 |      -560 |      NULL |  -283.12 |       NULL |    6.92308 | 1965-12-26 00:00:00 | NULL                |
| 76 | aa bb       | NULL          | text ffa      |    -570 |      -570 |      NULL | -288.176 |       NULL |    7.11539 | 1970-07-27 00:00:00 | NULL                |
| 77 | aa bc       | aa bc         | text ffb      |    -580 |      -580 |      NULL | -293.232 |       NULL |    7.30769 | 1975-08-26 00:00:00 | NULL                |
| 78 | aa bd       | aa bd         | text ffc      |    -590 |      -590 |      NULL | -298.288 |       NULL |        7.5 | 1960-03-20 00:00:00 | NULL                |
+----+-------------+---------------+---------------+---------+-----------+-----------+----------+------------+------------+---------------------+---------------------+
24 rows in set (0.00 sec)

mysql>
mysql>
mysql>
mysql>
mysql>
mysql>